file,contig,pos,ref,depth,A,C,G,T,N
SRR5602384_SRR5602384_GNAQ.sorted_base_counts.csv,GNAQ,206083,N,28,0,0,28,0,0
SRR5602384_SRR5602384_GNAQ.sorted_base_counts.csv,GNAQ,206100,N,35,0,0,0,35,0
SRR5602384_SRR5602384_GNAQP1.sorted_base_counts.csv,GNAQP1,765,N,35,0,0,0,35,0
SRR5602384_SRR5602384_GNAQP1.sorted_base_counts.csv,GNAQP1,786,N,27,0,27,0,0,0
SRR5602384_SRR5602384_GNAQP1.sorted_base_counts.csv,GNAQP1,826,N,13,0,1,0,12,0
SRR5602389_SRR5602389_GNAQ.sorted_base_counts.csv,GNAQ,206083,N,51,0,0,51,0,0
SRR5602389_SRR5602389_GNAQ.sorted_base_counts.csv,GNAQ,206100,N,70,1,0,0,69,0
SRR5602389_SRR5602389_GNAQP1.sorted_base_counts.csv,GNAQP1,765,N,61,0,0,48,13,0
SRR5602389_SRR5602389_GNAQP1.sorted_base_counts.csv,GNAQP1,786,N,67,0,6,0,61,0
SRR5602389_SRR5602389_GNAQP1.sorted_base_counts.csv,GNAQP1,826,N,93,0,86,0,7,0
SRR5602393_SRR5602393_GNAQ.sorted_base_counts.csv,GNAQ,206083,N,47,0,0,47,0,0
SRR5602393_SRR5602393_GNAQ.sorted_base_counts.csv,GNAQ,206100,N,69,0,0,0,69,0
SRR5602393_SRR5602393_GNAQP1.sorted_base_counts.csv,GNAQP1,765,N,27,0,0,24,3,0
SRR5602393_SRR5602393_GNAQP1.sorted_base_counts.csv,GNAQP1,786,N,27,0,2,0,25,0
SRR5602393_SRR5602393_GNAQP1.sorted_base_counts.csv,GNAQP1,826,N,33,0,32,0,1,0
SRR5602414_SRR5602414_GNAQ.sorted_base_counts.csv,GNAQ,206083,N,43,0,0,43,0,0
SRR5602414_SRR5602414_GNAQ.sorted_base_counts.csv,GNAQ,206100,N,69,0,0,0,69,0
SRR5602414_SRR5602414_GNAQP1.sorted_base_counts.csv,GNAQP1,765,N,35,0,0,31,4,0
SRR5602414_SRR5602414_GNAQP1.sorted_base_counts.csv,GNAQP1,786,N,38,0,3,0,35,0
SRR5602414_SRR5602414_GNAQP1.sorted_base_counts.csv,GNAQP1,826,N,53,0,50,0,3,0
SRR5602419_SRR5602419_GNAQ.sorted_base_counts.csv,GNAQ,206083,N,31,0,0,31,0,0
SRR5602419_SRR5602419_GNAQ.sorted_base_counts.csv,GNAQ,206100,N,42,0,0,0,42,0
SRR5602419_SRR5602419_GNAQP1.sorted_base_counts.csv,GNAQP1,765,N,54,0,0,32,22,0
SRR5602419_SRR5602419_GNAQP1.sorted_base_counts.csv,GNAQP1,786,N,59,0,20,0,39,0
SRR5602419_SRR5602419_GNAQP1.sorted_base_counts.csv,GNAQP1,826,N,73,0,69,0,4,0
